"Sort Order","User ID","Given Name","Family Name"
1,abernl,Laisha,Abernathy
3,aphacker,"Alyssa P",Hacker
4,armste,Earnestine,Armstrong
5,bahric,Carleton,Bahringer
6,baliss,Selina,Balistreri
7,barteh,Heath,Bartell
8,bartoc,Consuelo,Barton
9,beahaf,Foster,Beahan
10,bergea,Aniyah,Berge
11,binsl,Lia,Bins
12,bitdiddle,Ben,Bitdiddle
13,blande,Ellen,Blanda
14,boehmd,Darren,Boehm
15,boyera,Annie,Boyer
16,breits,Sigrid,Breitenberg
17,browna,Alex,Brown
18,buckrb,Bettye,Buckridge
19,buckrz,Zula,Buckridge
20,cartwl,Ludwig,Cartwright
21,cassiw,Wilburn,Cassin
22,champd,Desmond,Champlin
23,conneb,Bradford,Connelly
24,connek,Keely,Connelly
25,connk,Kaci,Conn
26,conrob,Burdette,Conroy
27,conroe,Earnestine,Conroy
28,cronal,Libbie,Crona
29,cummin,Nola,Cummings
30,dares,Shirley,Dare
31,douglp,Prudence,Douglas
32,efferm,Mallie,Effertz
33,emardv,Verda,Emard
34,emmere,Easter,Emmerich
35,fadelo,Ottilie,Fadel
36,farred,Dannie,Farrell
37,fayc,Carlos,Fay
38,fishea,Adan,Fisher
39,gaylol,Linnea,Gaylord
40,gislat,Toney,Gislason
41,goldnj,Jane,Goldner
42,gorczj,Jamey,Gorczany
43,grader,Tim,Grader
44,grader2,Noby,Grader
45,gradyg,Gertrude,Grady
46,gutmal,Leonie,Gutmann
47,haleyd,Dedric,Haley
48,hamile,Eunice,Hamill
49,harbel,Luz,Harber
50,hartme,Emmanuel,Hartmann
51,harvec,Catalina,Harvey
52,harvem,Mercedes,Harvey
53,harven,Nora,Harvey
54,heathc,Colby,Heathcote
55,heided,Dedric,Heidenreich
56,hermin,Nikki,Hermiston
57,hilpef,Favian,Hilpert
58,hintzs,Sammie,Hintz
59,hirthn,Nathen,Hirthe
60,hoegej,Joanie,Hoeger
61,howej,Jon,Howe
62,huele,Ena,Huel
63,huelsw,Willie,Huels
64,instructor,Quinn,Instructor
65,jakubr,Rollin,Jakubowski
66,jaskob,Bailey,Jaskolski
67,jerdee,Elta,Jerde
68,joness,Sally,Jones
69,kassub,Briana,Kassulke
70,kerluj,Jeanie,Kerluke
71,kilbah,Herman,Kilback
72,kinge,Edison,King
73,klockn,Nels,Klocko
74,kozeyg,Gaetano,Kozey
75,krajce,Else,Krajcik
76,kuhicj,Justice,Kuhic
77,kuhne,Elissa,Kuhn
78,kuhnk,Kitty,Kuhn
79,kuphaa,Amari,Kuphal
80,lakinl,Lelah,Lakin
81,lebsam,Michael,Lebsack
82,lefflv,Verner,Leffler
83,lehnea,Adonis,Lehner
84,lehnes,Skyla,Lehner
85,lyncht,Toni,Lynch
86,manne,Emmett,Mann
87,mccule,Evie,McCullough
88,millsm,Meagan,Mills
89,morisf,Ford,Morissette
90,moscie,Ebba,Mosciski
91,muelll,Laurine,Mueller
92,naderm,Mercedes,Nader
93,nitzsf,Francisca,Nitzsche
94,nolang,Giovanna,Nolan
95,oconnd,Dangelo,O'Connell
96,okond,Dena,O'Kon
97,okunea,Augusta,Okuneva
98,parisf,Fae,Parisian
99,pfeffr,Riley,Pfeffer
100,prosaj,Jovanny,Prosacco
101,raynod,Davonte,Raynor
102,reichn,Noe,Reichert
103,rennea,Alexys,Renner
104,ritcha,Arnoldo,Ritchie
105,robera,Angela,Roberts
106,rodrij,Jerrold,Rodriguez
107,rogahb,Bonita,Rogahn
108,rolfsm,Madelynn,Rolfson
109,runoli,Ilene,Runolfsson
110,runols,Skye,Runolfsdottir
111,russem,Maude,Russel
112,schads,Shanel,Schaden
113,schaeb,Bailey,Schaefer
114,schuld,Donny,Schultz
115,schupb,Brooklyn,Schuppe
116,schusa,Antone,Schuster
117,sengea,Ana,Senger
118,sengec,Cary,Senger
119,sengej,Jammie,Senger
120,shanaj,Jettie,Shanahan
121,smithj,John,Smith
122,stantr,Riley,Stanton
123,stiedr,Richmond,Stiedemann
124,student,Joe,Student
125,submitty-admin,"Submitty Admin","Submitty Admin"
126,swiftw,Willow,Swift
127,ta,Jill,TA
128,ta2,Jack,TA
129,ta3,Jamie,TA
130,torphf,Francesco,Torphy
131,watsip,Percy,Watsica
132,welchj,Jarrett,Welch
133,wille,Elouise,Will
134,willim,Mariana,Williamson
135,windlj,Juana,Windler
136,wisoza,Adela,Wisozk
137,yundtk,Kacey,Yundt
138,ziemeb,Brown,Zieme
139,zulauk,Kaylah,Zulauf